link,injected_rtt_ms,mbit,shape,rows_per_fetch,runs,capped_runs,wire_bytes_per_fetch,wire_bytes_per_row,packets_per_fetch,fetch_p50_ms,fetch_p50_cov,first_fetch_ms,execute_ms,rows_per_s,rows_per_s_cov,ms_per_100k_rows,ms_per_100k_cov,cpu_over_wall,cpu_ms_per_fetch,peak_ws_growth_kib,peak_private_growth_kib,ping_p50_ms,machine_states
rtt10-100mbit,10.0,100,text5date2,25,3,3,8078,323.1,1.30,13.596,0.001,13.961,12.779,1836,0.002,54475.0,0.002,0.011,0.149,340,232,12.474,"cargo=2 rustc=0 cl=0 link=0 clippy-driver=0 ninja=0"
rtt10-100mbit,10.0,100,text5date2,50,3,3,16100,322.0,2.12,14.061,0.007,14.797,13.471,3498,0.010,28591.7,0.010,0.027,0.379,548,596,12.416,"cargo=2 rustc=0 cl=0 link=0 clippy-driver=0 ninja=0"
rtt10-100mbit,10.0,100,text5date2,100,3,3,32148,321.5,4.00,15.503,0.006,16.021,13.109,6407,0.011,15608.3,0.011,0.066,1.040,820,868,12.615,"cargo=2 rustc=0 cl=0 link=0 clippy-driver=0 ninja=0"
rtt10-100mbit,10.0,100,text5date2,250,3,0,80298,321.2,10.01,19.653,0.012,20.555,13.047,12666,0.016,7895.2,0.016,0.112,2.227,1316,1364,12.447,"cargo=2 rustc=0 cl=0 link=0 clippy-driver=0 ninja=0"
rtt10-100mbit,10.0,100,text5date2,500,3,0,160552,321.1,20.01,26.967,0.015,30.400,13.320,18301,0.012,5464.3,0.012,0.258,7.031,2260,2296,12.412,"cargo=2 rustc=0 cl=0 link=0 clippy-driver=0 ninja=0"
rtt10-100mbit,10.0,100,text5date2,1000,3,0,321076,321.1,40.01,43.456,0.013,58.332,12.961,22333,0.028,4477.6,0.028,0.509,23.438,3596,4044,12.736,"cargo=2 rustc=0 cl=0 link=0 clippy-driver=0 ninja=0 | cargo=2 rustc=0 cl=0 link=0 clippy-driver=0 ninja=1"
rtt10-100mbit,10.0,100,text5date2,2000,3,0,642193,321.1,80.03,110.926,0.196,189.136,13.300,17213,0.136,5809.7,0.147,0.803,94.375,6952,7468,12.634,"cargo=2 rustc=0 cl=0 link=0 clippy-driver=0 ninja=0"
rtt10-100mbit,10.0,100,text5date2,5000,3,3,1606702,321.3,198.27,822.600,0.253,1303.089,14.147,5643,0.246,17721.9,0.247,0.907,803.385,13248,14880,12.696,"cargo=2 rustc=0 cl=0 link=0 clippy-driver=0 ninja=0"
rtt10-100mbit,10.0,100,wide4k,1,3,3,16093,16093.2,2.00,13.950,0.006,13.885,12.976,71,0.006,1400349.1,0.006,0.011,0.153,340,244,12.495,"cargo=2 rustc=0 cl=0 link=0 clippy-driver=0 ninja=0"
rtt10-100mbit,10.0,100,wide4k,2,3,3,32139,16069.4,4.00,15.367,0.009,15.758,12.752,130,0.010,771856.3,0.010,0.008,0.122,508,560,12.464,"cargo=2 rustc=0 cl=0 link=0 clippy-driver=0 ninja=0"
rtt10-100mbit,10.0,100,wide4k,5,3,0,80274,16054.9,10.00,19.332,0.005,19.616,12.912,258,0.006,387893.7,0.006,0.036,0.703,936,1176,12.339,"cargo=2 rustc=0 cl=0 link=0 clippy-driver=0 ninja=0"
rtt10-100mbit,10.0,100,wide4k,10,3,0,160500,16050.0,20.00,25.847,0.003,26.105,13.020,385,0.002,259473.9,0.002,0.081,2.109,1744,1948,12.565,"cargo=2 rustc=0 cl=0 link=0 clippy-driver=0 ninja=0"
rtt10-100mbit,10.0,100,wide4k,25,3,0,401178,16047.1,50.00,45.846,0.001,46.175,12.540,542,0.001,184436.0,0.001,0.224,10.352,3336,4172,12.212,"cargo=2 rustc=0 cl=0 link=0 clippy-driver=0 ninja=0"
rtt10-100mbit,10.0,100,wide4k,50,3,0,802299,16046.0,99.00,78.953,0.003,83.045,13.287,624,0.004,160194.6,0.004,0.312,25.000,5108,6304,12.160,"cargo=2 rustc=0 cl=0 link=0 clippy-driver=0 ninja=0"
rtt10-100mbit,10.0,100,wide4k,100,3,0,1604561,16045.6,198.00,172.977,0.012,229.096,12.893,528,0.011,189497.6,0.011,0.680,128.906,10044,11328,12.341,"cargo=2 rustc=0 cl=0 link=0 clippy-driver=0 ninja=0"
rtt10-100mbit,10.0,100,wide4k,250,3,0,4011416,16045.7,495.00,947.879,0.018,1402.878,12.682,246,0.005,406340.4,0.005,0.907,921.875,20420,22904,12.380,"cargo=2 rustc=0 cl=0 link=0 clippy-driver=0 ninja=0"
rtt40-20mbit,40.0,20,text5date2,25,3,3,8078,323.1,1.30,46.058,0.002,45.936,43.276,540,0.003,185163.7,0.003,0.005,0.218,356,256,42.268,"cargo=2 rustc=0 cl=0 link=0 clippy-driver=0 ninja=0"
rtt40-20mbit,40.0,20,text5date2,50,3,3,16100,322.0,2.12,49.331,0.002,49.755,43.329,1008,0.003,99210.2,0.003,0.005,0.233,508,568,42.063,"cargo=2 rustc=0 cl=0 link=0 clippy-driver=0 ninja=0"
rtt40-20mbit,40.0,20,text5date2,100,3,3,32148,321.5,4.00,55.932,0.002,56.235,43.342,1778,0.003,56257.0,0.003,0.014,0.790,692,728,42.157,"cargo=2 rustc=0 cl=0 link=0 clippy-driver=0 ninja=0"
rtt40-20mbit,40.0,20,text5date2,250,3,3,80298,321.2,10.01,75.762,0.002,76.490,43.536,3282,0.002,30471.5,0.002,0.045,3.433,1136,1312,42.392,"cargo=2 rustc=0 cl=0 link=0 clippy-driver=0 ninja=0"
rtt40-20mbit,40.0,20,text5date2,500,3,3,160552,321.1,20.01,108.618,0.002,110.651,43.319,4581,0.001,21830.7,0.001,0.079,8.662,2256,2468,42.301,"cargo=2 rustc=0 cl=0 link=0 clippy-driver=0 ninja=0"
rtt40-20mbit,40.0,20,text5date2,1000,3,3,321076,321.1,40.01,174.182,0.001,178.089,43.188,5717,0.001,17492.5,0.001,0.173,30.172,3636,4028,42.292,"cargo=2 rustc=0 cl=0 link=0 clippy-driver=0 ninja=0 | cargo=2 rustc=0 cl=0 link=0 clippy-driver=0 ninja=1"
rtt40-20mbit,40.0,20,text5date2,2000,3,3,642193,321.1,80.03,309.254,0.004,331.490,43.739,6424,0.006,15566.6,0.006,0.408,126.894,6324,7132,42.379,"cargo=2 rustc=0 cl=0 link=0 clippy-driver=0 ninja=0"
rtt40-20mbit,40.0,20,text5date2,5000,3,3,1606702,321.3,198.27,878.174,0.031,1129.575,44.399,5433,0.019,18407.3,0.019,0.758,697.443,12880,14676,42.657,"cargo=2 rustc=0 cl=0 link=0 clippy-driver=0 ninja=0 | cargo=2 rustc=0 cl=1 link=0 clippy-driver=0 ninja=1"
rtt40-20mbit,40.0,20,wide4k,1,3,3,16093,16093.2,2.00,49.325,0.000,49.309,43.457,20,0.001,4962685.6,0.001,0.003,0.155,320,256,42.404,"cargo=2 rustc=0 cl=0 link=0 clippy-driver=0 ninja=0"
rtt40-20mbit,40.0,20,wide4k,2,3,3,32139,16069.4,4.00,55.759,0.001,55.996,43.003,36,0.001,2801828.2,0.001,0.008,0.436,504,564,42.486,"cargo=2 rustc=0 cl=0 link=0 clippy-driver=0 ninja=0"
rtt40-20mbit,40.0,20,wide4k,5,3,3,80274,16054.9,10.00,75.087,0.001,75.174,43.662,66,0.001,1510108.3,0.001,0.008,0.587,936,1176,42.198,"cargo=2 rustc=0 cl=0 link=0 clippy-driver=0 ninja=0"
rtt40-20mbit,40.0,20,wide4k,10,3,3,160500,16050.0,20.00,107.440,0.002,107.733,43.273,93,0.002,1079778.6,0.002,0.025,2.688,1604,1940,42.318,"cargo=2 rustc=0 cl=0 link=0 clippy-driver=0 ninja=0"
rtt40-20mbit,40.0,20,wide4k,25,3,3,401178,16047.1,50.00,204.537,0.001,205.211,42.942,122,0.001,821605.5,0.001,0.073,14.987,3204,4104,42.363,"cargo=2 rustc=0 cl=0 link=0 clippy-driver=0 ninja=0 | cargo=2 rustc=0 cl=1 link=0 clippy-driver=0 ninja=1"
rtt40-20mbit,40.0,20,wide4k,50,3,3,802299,16046.0,99.00,365.449,0.001,365.725,43.170,136,0.001,734189.6,0.001,0.102,37.388,5140,5768,42.505,"cargo=2 rustc=0 cl=0 link=0 clippy-driver=0 ninja=0"
rtt40-20mbit,40.0,20,wide4k,100,3,3,1604561,16045.6,198.00,687.867,0.000,688.896,43.255,145,0.000,690888.2,0.000,0.217,150.000,9612,11064,42.519,"cargo=2 rustc=0 cl=0 link=0 clippy-driver=0 ninja=0"
rtt40-20mbit,40.0,20,wide4k,250,3,3,4011416,16045.7,495.00,1701.522,0.014,1870.320,43.202,145,0.009,690221.8,0.009,0.557,960.938,20100,22984,42.526,"cargo=2 rustc=0 cl=0 link=0 clippy-driver=0 ninja=0"
